{
  "blessedAt": "2026-05-09T04:36:18.493Z",
  "provider": "groq",
  "summary": {
    "relaxedF1": 0.7275405007363771,
    "precision": 0.7507598784194529,
    "recall": 0.7057142857142857,
    "taxonomyAccuracy": 0.9111111111111111
  },
  "byCategory": {
    "camera.movement": {
      "f1": 0.5,
      "precision": 0.4117647058823529,
      "recall": 0.6363636363636364,
      "support": 22
    },
    "subject.identity": {
      "f1": 0.8823529411764706,
      "precision": 0.9574468085106383,
      "recall": 0.8181818181818182,
      "support": 55
    },
    "action.movement": {
      "f1": 0.7333333333333333,
      "precision": 0.6666666666666666,
      "recall": 0.8148148148148148,
      "support": 27
    },
    "style.aesthetic": {
      "f1": 0,
      "precision": 0,
      "recall": 0,
      "support": 2
    },
    "lighting.quality": {
      "f1": 0.6557377049180327,
      "precision": 0.7692307692307693,
      "recall": 0.5714285714285714,
      "support": 35
    },
    "lighting.timeOfDay": {
      "f1": 0.7368421052631579,
      "precision": 0.875,
      "recall": 0.6363636363636364,
      "support": 11
    },
    "shot.type": {
      "f1": 0.8387096774193549,
      "precision": 0.8125,
      "recall": 0.8666666666666667,
      "support": 15
    },
    "subject.appearance": {
      "f1": 0.9318181818181819,
      "precision": 0.9111111111111111,
      "recall": 0.9534883720930233,
      "support": 43
    },
    "action.state": {
      "f1": 0.48,
      "precision": 0.6,
      "recall": 0.4,
      "support": 15
    },
    "environment.location": {
      "f1": 0.7945205479452055,
      "precision": 0.9354838709677419,
      "recall": 0.6904761904761905,
      "support": 42
    },
    "lighting.source": {
      "f1": 0.7169811320754716,
      "precision": 0.7307692307692307,
      "recall": 0.7037037037037037,
      "support": 27
    },
    "environment.context": {
      "f1": 0.1739130434782609,
      "precision": 0.13333333333333333,
      "recall": 0.25,
      "support": 8
    },
    "lighting.colorTemp": {
      "f1": 0.6153846153846154,
      "precision": 0.8,
      "recall": 0.5,
      "support": 8
    },
    "subject.emotion": {
      "f1": 1,
      "precision": 1,
      "recall": 1,
      "support": 2
    },
    "environment.weather": {
      "f1": 0.7499999999999999,
      "precision": 1,
      "recall": 0.6,
      "support": 5
    },
    "subject.wardrobe": {
      "f1": 0.7272727272727273,
      "precision": 1,
      "recall": 0.5714285714285714,
      "support": 7
    },
    "technical.duration": {
      "f1": 1,
      "precision": 1,
      "recall": 1,
      "support": 2
    },
    "technical.aspectRatio": {
      "f1": 0.6666666666666666,
      "precision": 0.6666666666666666,
      "recall": 0.6666666666666666,
      "support": 3
    },
    "technical.frameRate": {
      "f1": 1,
      "precision": 1,
      "recall": 1,
      "support": 3
    },
    "audio.score": {
      "f1": 0.4,
      "precision": 1,
      "recall": 0.25,
      "support": 4
    },
    "style.filmStock": {
      "f1": 1,
      "precision": 1,
      "recall": 1,
      "support": 3
    },
    "camera.lens": {
      "f1": 0.4,
      "precision": 1,
      "recall": 0.25,
      "support": 4
    },
    "style.colorGrade": {
      "f1": 0,
      "precision": 0,
      "recall": 0,
      "support": 2
    },
    "technical.resolution": {
      "f1": 1,
      "precision": 1,
      "recall": 1,
      "support": 1
    },
    "camera.focus": {
      "f1": 0.5,
      "precision": 0.3333333333333333,
      "recall": 1,
      "support": 1
    },
    "audio.ambient": {
      "f1": 0.5714285714285715,
      "precision": 0.5,
      "recall": 0.6666666666666666,
      "support": 3
    }
  }
}
