{
  "blessedAt": "2026-05-09T02:09:35.078Z",
  "provider": "groq",
  "summary": {
    "relaxedF1": 0.6370370370370371,
    "precision": 0.6615384615384615,
    "recall": 0.6142857142857143,
    "taxonomyAccuracy": 0.816793893129771
  },
  "byCategory": {
    "camera.movement": {
      "f1": 0.46428571428571425,
      "precision": 0.38235294117647056,
      "recall": 0.5909090909090909,
      "support": 22
    },
    "subject.identity": {
      "f1": 0.8712871287128713,
      "precision": 0.9565217391304348,
      "recall": 0.8,
      "support": 55
    },
    "action.movement": {
      "f1": 0.41509433962264153,
      "precision": 0.2972972972972973,
      "recall": 0.6875,
      "support": 16
    },
    "style.aesthetic": {
      "f1": 0,
      "precision": 0,
      "recall": 0,
      "support": 2
    },
    "lighting.quality": {
      "f1": 0.4897959183673469,
      "precision": 0.8571428571428571,
      "recall": 0.34285714285714286,
      "support": 35
    },
    "lighting.timeOfDay": {
      "f1": 0.7368421052631579,
      "precision": 0.875,
      "recall": 0.6363636363636364,
      "support": 11
    },
    "shot.type": {
      "f1": 0.6896551724137931,
      "precision": 0.5882352941176471,
      "recall": 0.8333333333333334,
      "support": 12
    },
    "subject.appearance": {
      "f1": 0.9318181818181819,
      "precision": 0.9111111111111111,
      "recall": 0.9534883720930233,
      "support": 43
    },
    "action.state": {
      "f1": 0.18181818181818182,
      "precision": 0.2857142857142857,
      "recall": 0.13333333333333333,
      "support": 15
    },
    "environment.location": {
      "f1": 0.7246376811594204,
      "precision": 0.9259259259259259,
      "recall": 0.5952380952380952,
      "support": 42
    },
    "lighting.source": {
      "f1": 0.625,
      "precision": 0.5405405405405406,
      "recall": 0.7407407407407407,
      "support": 27
    },
    "action.gesture": {
      "f1": 0,
      "precision": 0,
      "recall": 0,
      "support": 11
    },
    "environment.context": {
      "f1": 0.24,
      "precision": 0.17647058823529413,
      "recall": 0.375,
      "support": 8
    },
    "lighting.colorTemp": {
      "f1": 0.6153846153846154,
      "precision": 0.8,
      "recall": 0.5,
      "support": 8
    },
    "subject.emotion": {
      "f1": 1,
      "precision": 1,
      "recall": 1,
      "support": 2
    },
    "environment.weather": {
      "f1": 0.33333333333333337,
      "precision": 1,
      "recall": 0.2,
      "support": 5
    },
    "camera.angle": {
      "f1": 0,
      "precision": 0,
      "recall": 0,
      "support": 3
    },
    "subject.wardrobe": {
      "f1": 0.7272727272727273,
      "precision": 1,
      "recall": 0.5714285714285714,
      "support": 7
    },
    "technical.duration": {
      "f1": 1,
      "precision": 1,
      "recall": 1,
      "support": 2
    },
    "technical.aspectRatio": {
      "f1": 0.6666666666666666,
      "precision": 0.6666666666666666,
      "recall": 0.6666666666666666,
      "support": 3
    },
    "technical.frameRate": {
      "f1": 1,
      "precision": 1,
      "recall": 1,
      "support": 3
    },
    "audio.score": {
      "f1": 0.4,
      "precision": 1,
      "recall": 0.25,
      "support": 4
    },
    "style.filmStock": {
      "f1": 1,
      "precision": 1,
      "recall": 1,
      "support": 3
    },
    "camera.lens": {
      "f1": 0.4,
      "precision": 1,
      "recall": 0.25,
      "support": 4
    },
    "style.colorGrade": {
      "f1": 0,
      "precision": 0,
      "recall": 0,
      "support": 2
    },
    "technical.resolution": {
      "f1": 1,
      "precision": 1,
      "recall": 1,
      "support": 1
    },
    "camera.focus": {
      "f1": 0.5,
      "precision": 0.3333333333333333,
      "recall": 1,
      "support": 1
    },
    "audio.ambient": {
      "f1": 0.5,
      "precision": 0.4,
      "recall": 0.6666666666666666,
      "support": 3
    }
  }
}
