{
  "blessedAt": "2026-05-09T04:37:41.873Z",
  "provider": "openai",
  "summary": {
    "relaxedF1": 0.5098634294385432,
    "precision": 0.5436893203883495,
    "recall": 0.48,
    "taxonomyAccuracy": 0.6942148760330579
  },
  "byCategory": {
    "camera.movement": {
      "f1": 0.07692307692307693,
      "precision": 0.25,
      "recall": 0.045454545454545456,
      "support": 22
    },
    "subject.identity": {
      "f1": 0.8085106382978723,
      "precision": 0.9743589743589743,
      "recall": 0.6909090909090909,
      "support": 55
    },
    "action.movement": {
      "f1": 0.36363636363636365,
      "precision": 0.25,
      "recall": 0.6666666666666666,
      "support": 27
    },
    "style.aesthetic": {
      "f1": 0,
      "precision": 0,
      "recall": 0,
      "support": 2
    },
    "lighting.quality": {
      "f1": 0.45161290322580644,
      "precision": 0.5185185185185185,
      "recall": 0.4,
      "support": 35
    },
    "lighting.timeOfDay": {
      "f1": 0.6666666666666665,
      "precision": 0.8571428571428571,
      "recall": 0.5454545454545454,
      "support": 11
    },
    "shot.type": {
      "f1": 0.7567567567567568,
      "precision": 0.6363636363636364,
      "recall": 0.9333333333333333,
      "support": 15
    },
    "subject.appearance": {
      "f1": 0.8666666666666666,
      "precision": 0.8297872340425532,
      "recall": 0.9069767441860465,
      "support": 43
    },
    "action.state": {
      "f1": 0,
      "precision": 0,
      "recall": 0,
      "support": 15
    },
    "environment.location": {
      "f1": 0.45614035087719296,
      "precision": 0.8666666666666667,
      "recall": 0.30952380952380953,
      "support": 42
    },
    "lighting.source": {
      "f1": 0.5,
      "precision": 0.6470588235294118,
      "recall": 0.4074074074074074,
      "support": 27
    },
    "environment.context": {
      "f1": 0.15384615384615383,
      "precision": 0.0967741935483871,
      "recall": 0.375,
      "support": 8
    },
    "lighting.colorTemp": {
      "f1": 0.5454545454545454,
      "precision": 1,
      "recall": 0.375,
      "support": 8
    },
    "subject.emotion": {
      "f1": 0.8,
      "precision": 0.6666666666666666,
      "recall": 1,
      "support": 2
    },
    "environment.weather": {
      "f1": 0.28571428571428575,
      "precision": 0.5,
      "recall": 0.2,
      "support": 5
    },
    "subject.wardrobe": {
      "f1": 0.4444444444444445,
      "precision": 1,
      "recall": 0.2857142857142857,
      "support": 7
    },
    "technical.duration": {
      "f1": 0.6666666666666666,
      "precision": 1,
      "recall": 0.5,
      "support": 2
    },
    "technical.aspectRatio": {
      "f1": 0.3333333333333333,
      "precision": 0.3333333333333333,
      "recall": 0.3333333333333333,
      "support": 3
    },
    "technical.frameRate": {
      "f1": 0.6666666666666666,
      "precision": 0.6666666666666666,
      "recall": 0.6666666666666666,
      "support": 3
    },
    "audio.score": {
      "f1": 0.6666666666666666,
      "precision": 1,
      "recall": 0.5,
      "support": 4
    },
    "style.filmStock": {
      "f1": 0,
      "precision": 0,
      "recall": 0,
      "support": 3
    },
    "camera.lens": {
      "f1": 0,
      "precision": 0,
      "recall": 0,
      "support": 4
    },
    "style.colorGrade": {
      "f1": 0,
      "precision": 0,
      "recall": 0,
      "support": 2
    },
    "technical.resolution": {
      "f1": 0,
      "precision": 0,
      "recall": 0,
      "support": 1
    },
    "camera.focus": {
      "f1": 0,
      "precision": 0,
      "recall": 0,
      "support": 1
    },
    "audio.ambient": {
      "f1": 0,
      "precision": 0,
      "recall": 0,
      "support": 3
    }
  }
}
